Sample_size,Time_In_Secs
1000.0,1.71699857711792
2000.0,4.2960052490234375
3000.0,5.555996656417847
4000.0,7.014999866485596
5000.0,8.588093996047974
6000.0,10.777513027191162
7000.0,10.914999008178711
8000.0,12.195003509521484
9000.0,19.068590879440308
10000.0,16.13451647758484
